acto,secuencia,plano,tipo,movimiento,descripcion,dialogo,dur_seg,acumulado
ACTO 1,SEC 1 — Superficie de Erdia,1,Plano detalle,Fijo,Negro absoluto. Una fina línea de luz raja la oscuridad: el borde de un planeta amaneciendo.,,6,0:06
ACTO 1,SEC 1 — Superficie de Erdia,2,Gran plano general,Aéreo,"La cámara cae hacia el planeta, atraviesa nubes doradas sobre cordilleras vivas.",,7,0:13
ACTO 1,SEC 1 — Superficie de Erdia,3,Plano general,Grúa,Vuelo rasante sobre bosques que respiran bajo luz dorada.,,5,0:18
ACTO 1,SEC 1 — Superficie de Erdia,4,Plano general,Dolly in,"La cámara encuentra una grieta: una fractura seca en la corteza, como cicatriz sin curar.",,6,0:24
ACTO 1,SEC 1 — Superficie de Erdia,5,Plano general,Travelling,Descenso por la grieta; las paredes de roca pasan de doradas a grises.,,6,0:30
ACTO 1,SEC 1 — Superficie de Erdia,6,Plano detalle,Travelling,"Las paredes se oscurecen de grises a negras. Más hondo, más hondo.",,5,0:35
ACTO 1,SEC 1 — Superficie de Erdia,7,Gran plano general,Dolly out,"Llegamos al centro del mundo: una caverna negra, hueca, sin fondo. No late nada.",,8,0:43
ACTO 1,SEC 1 — Superficie de Erdia,8,Plano detalle,Fijo,Negro total. Silencio sostenido. Aparece el TÍTULO: STELLA FUGAZ.,,7,0:50
ACTO 1,SEC 2 — Parque de la Luzagua,9,Gran plano general,Tilt,CORTE BRUSCO a un cielo azul deslumbrante. Una carcajada rompe el silencio.,,4,0:54
ACTO 1,SEC 2 — Parque de la Luzagua,10,Plano general,Travelling,"Stella (14), pelo blanco al viento, descalza, corre imparable por la hierba del parque.",,5,0:59
ACTO 1,SEC 2 — Parque de la Luzagua,11,Plano detalle,Paneo,Junto a ella corre un río de luzagua; la gente lo deja pasar entre las manos.,,4,1:03
ACTO 1,SEC 2 — Parque de la Luzagua,12,Primer plano,Fijo,Stella se toca el brazalete en la muñeca; del aire se enciende una chispa.,,3,1:06
ACTO 1,SEC 2 — Parque de la Luzagua,13,Plano detalle,Cámara en mano,"GIX, criatura de luz mitad chispa mitad travesura, escapa volando.",,3,1:09
ACTO 1,SEC 2 — Parque de la Luzagua,14,Plano entero,Steadicam,"Stella corre tras Gix, riendo, esquivando a la gente.",,4,1:13
ACTO 1,SEC 2 — Parque de la Luzagua,15,Plano medio,Travelling,"Detrás, sin apuro, camina Vera (madre, ~40, pelo blanco recogido, ojos gris-azul).",Despacio. Te vas a partir la cabeza el día antes de tu última prueba.,5,1:18
ACTO 1,SEC 2 — Parque de la Luzagua,16,Plano americano,Steadicam,"Stella, de espaldas y sin frenar, responde a su madre.","Mamá, soy la mejor de mi nivel. Te voy a hacer sentir orgullosa.",5,1:23
ACTO 1,SEC 2 — Parque de la Luzagua,17,Primer plano,Fijo,Stella se detiene de golpe. Algo enorme le tapa el sol; su cara cambia.,,3,1:26
ACTO 1,SEC 2 — Parque de la Luzagua,18,Contrapicado,Tilt,"REVELACIÓN: un MECHA colosal arrodillado para siempre, cubierto de flores y enredaderas.",,6,1:32
ACTO 1,SEC 2 — Parque de la Luzagua,19,Gran plano general,Grúa,El gigante dormido bajo un jardín; Stella pequeñita a sus pies.,,5,1:37
ACTO 1,SEC 2 — Parque de la Luzagua,20,Plano medio,Contrapicado,"Stella lo mira hacia arriba, empequeñecida y pensativa.",¿Por qué dejamos de hacerlo? Conquistar planetas. Éramos los más fuertes del cielo.,6,1:43
ACTO 1,SEC 2 — Parque de la Luzagua,21,Plano medio,Fijo,Vera la alcanza. Esto lo dice en serio; se agacha a su altura.,Eso no es tan romántico como suena. Lo quisimos todo… y por poco nos quedamos sin nada.,6,1:49
ACTO 1,SEC 2 — Parque de la Luzagua,22,Plano detalle,Fijo,La mano de Vera muestra el río de luzagua corriendo entre los dedos.,"Una persona es como un río, Stella. Si lo represas para ti, se pudre.",5,1:54
ACTO 1,SEC 2 — Parque de la Luzagua,23,Primer plano,Dolly in,"Vera, seria, remata la lección con la mirada fija en su hija.",Y envenena a todos los que están aguas abajo.,5,1:59
ACTO 1,SEC 2 — Parque de la Luzagua,24,Primer plano,Fijo,Stella asiente muy seria… pero sus ojos ya buscan a Gix. Tiene catorce años; no lo entiende aún.,,4,2:03
ACTO 1,SEC 2 — Parque de la Luzagua,25,Plano detalle,Paneo,"Gix la llama desde un árbol, parpadeando.",,3,2:06
ACTO 1,SEC 2 — Parque de la Luzagua,26,Primer plano,Fijo,Vera lo nota. Sonríe con un poco de tristeza y la deja ir.,Voy por tu hermana. Nos vemos en casa para la cena.,5,2:11
ACTO 1,SEC 2 — Parque de la Luzagua,27,Plano entero,Paneo,"Stella ya corriendo, de espaldas, gritando alegre hacia su madre.",¡Dile a Selka que esta vez le gané a Gix!,4,2:15
ACTO 1,SEC 2 — Parque de la Luzagua,28,Plano general,Fijo,"Stella se aleja riendo, blanca contra el verde del parque.",,5,2:20
ACTO 1,SEC 2 — Parque de la Luzagua,29,Primer plano,Dolly in,"HOLD emocional en Vera mirándola: una madre en el último día bueno de su vida, y solo nosotros lo sabemos.",,8,2:28
ACTO 1,SEC 3 — Laboratorio de Naio,30,Plano medio,Fijo,"La puerta se abre; entra Stella riendo, con Gix dándole vueltas.","Me mandaron llamar, ¿qué es tan importante que no puede esp—",4,2:32
ACTO 1,SEC 3 — Laboratorio de Naio,31,Primer plano,Fijo,La risa se le apaga sola al ver la escena.,,3,2:35
ACTO 1,SEC 3 — Laboratorio de Naio,32,Plano general,Fijo,"POV/revelación: Vera y Naio (~45, científico del Rey) de pie ante una proyección de datos, graves.",,5,2:40
ACTO 1,SEC 3 — Laboratorio de Naio,33,Plano detalle,Fijo,"En un moisés flotante duerme la bebé Selka (1 año, ojos gris-azul).",,3,2:43
ACTO 1,SEC 3 — Laboratorio de Naio,34,Primer plano,Fijo,La sonrisa de Stella cae del todo.,…¿Todo está bien?,4,2:47
ACTO 1,SEC 3 — Laboratorio de Naio,35,Plano medio,Fijo,Nadie contesta. Naio le tiende un traje plegado.,Póntelo. Rápido.,4,2:51
ACTO 1,SEC 3 — Laboratorio de Naio,36,Plano americano,Fijo,Stella obedece sin entender y empieza a vestirse.,,3,2:54
ACTO 1,SEC 3 — Laboratorio de Naio,37,Primer plano,Dolly in,"Naio se acerca y baja la voz, como quien confiesa algo prohibido en su propia casa.",Escúchame bien. El Rey no nos está protegiendo.,4,2:58
ACTO 1,SEC 3 — Laboratorio de Naio,38,Primerísimo primer plano,Fijo,"Los ojos de Naio, graves.",Se está comiendo el planeta desde adentro. Y está muriendo.,5,3:03
ACTO 1,SEC 3 — Laboratorio de Naio,39,Plano general,Dolly in,La proyección repite el descenso de la SEC. 1 hasta el corazón negro y hueco: Erdia vaciándose.,,5,3:08
ACTO 1,SEC 3 — Laboratorio de Naio,40,Primer plano,Fijo,"Stella, incrédula.",…Eso no es posible. El Orbe le da vida a todo. Tú me lo enseñaste.,5,3:13
ACTO 1,SEC 3 — Laboratorio de Naio,41,Primer plano,Fijo,"Contraplano de Naio, tajante.",Por eso lo quiere.,3,3:16
ACTO 1,SEC 3 — Laboratorio de Naio,42,Plano detalle,Fijo,Naio activa una máquina sobre la mano abierta de Stella.,,3,3:19
ACTO 1,SEC 3 — Laboratorio de Naio,43,Inserto,Fijo,"Una llave de luz se graba bajo la piel de la palma, con dolor breve y limpio.",,3,3:22
ACTO 1,SEC 3 — Laboratorio de Naio,44,Primerísimo primer plano,Fijo,Stella aprieta los dientes por el dolor.,,2,3:24
ACTO 1,SEC 3 — Laboratorio de Naio,45,Primer plano,Fijo,"Naio le cierra la mano y sostiene su mirada, revelando el secreto de sangre.","El Orbe es nuestra sangre, Stella. Solo nuestra familia puede tocarlo.",5,3:29
ACTO 1,SEC 3 — Laboratorio de Naio,46,Primer plano,Dolly in,"Naio la mira a los ojos, cerrando la explicación.",Lo que acabo de hacerte te permite integrarlo. Meterlo dentro de ti. Y una vez dentro… solamente tú podrías usarlo. Nadie más.,6,3:35
ACTO 1,SEC 3 — Laboratorio de Naio,47,Plano medio,Fijo,"Stella no alcanza a procesarlo. Detrás, la bebé Selka se despierta y llora.",,4,3:39
ACTO 1,SEC 3 — Laboratorio de Naio,48,Plano entero,Steadicam,"Por instinto de hermana mayor, Stella deja todo y va hacia la bebé.",,3,3:42
ACTO 1,SEC 3 — Laboratorio de Naio,49,Plano medio,Fijo,Se inclina sobre el moisés y ahueca la mano.,,3,3:45
ACTO 1,SEC 3 — Laboratorio de Naio,50,Inserto,Fijo,Una chispa de Gix baja y baila en su palma como una luciérnaga.,,3,3:48
ACTO 1,SEC 3 — Laboratorio de Naio,51,Primer plano,Dolly in,Stella junta su frente a la de la bebé. Las dos sonríen. Selka se calma al instante.,,6,3:54
ACTO 1,SEC 3 — Laboratorio de Naio,52,Plano detalle,Fijo,Momento minúsculo y tibio de hermanas. Guardarlo. (Volverá.),,4,3:58
ACTO 1,SEC 3 — Laboratorio de Naio,53,Plano detalle,Fijo,"Inserto sonoro/visual: pasos, muchos, acercándose por el corredor.",,2,4:00
ACTO 1,SEC 3 — Laboratorio de Naio,54,Plano medio,Fijo,Naio y Vera se cruzan una mirada. Se acabó el tiempo.,,3,4:03
ACTO 1,SEC 3 — Laboratorio de Naio,55,Plano medio,Fijo,"Naio, rápido y firme, da la orden.",Llegaron. Tomen a Selka. Vayan por el Orbe.,4,4:07
ACTO 1,SEC 3 — Laboratorio de Naio,56,Primerísimo primer plano,Fijo,"Naio agarra la cara de Stella con las dos manos, urgente.","Cuando lo tengas, ponlo en tu mano. Y pase lo que pase… nunca, nunca dejes que él lo tenga. ¿Me oyes?",6,4:13
ACTO 1,SEC 3 — Laboratorio de Naio,57,Primer plano,Fijo,"Naio, decidido a sacrificarse.",Yo los retengo.,3,4:16
ACTO 1,SEC 3 — Laboratorio de Naio,58,Primer plano,Fijo,Stella al borde del quiebre.,"Papá, no—",2,4:18
ACTO 1,SEC 3 — Laboratorio de Naio,59,Primer plano,Dolly in,"Naio la corta, cargándolo todo en una despedida.",Te quiero. Las tres. Ya.,4,4:22
ACTO 1,SEC 3 — Laboratorio de Naio,60,Plano medio,Fijo,"Un abrazo de los tres, demasiado corto. Vera levanta a la bebé.",,4,4:26
ACTO 1,SEC 3 — Laboratorio de Naio,61,Plano general,Fijo,La puerta principal se abre.,,2,4:28
ACTO 1,SEC 3 — Laboratorio de Naio,62,Contrapicado,Dolly in,"Entra VORTHAN, el Rey: alto, sereno, con sonrisa de viejo amigo. Soldados-robot detrás llenan el umbral como una sombra.",Naio. Viejo amigo.,6,4:34
ACTO 1,SEC 3 — Laboratorio de Naio,63,Plano medio,Paneo,"El Rey pasea la mirada por la escena: el traje, el moisés vacío.",Sabías que este día llegaría.,5,4:39
ACTO 1,SEC 3 — Laboratorio de Naio,64,Plano entero,Cámara en mano,"Vera y Stella se deslizan hacia la salida trasera, despacio, sin correr todavía.",,3,4:42
ACTO 1,SEC 3 — Laboratorio de Naio,65,Primerísimo primer plano,Fijo,Los ojos del Rey lo ven todo.,No las dejen escapar.,4,4:46
ACTO 1,SEC 3 — Laboratorio de Naio,66,Plano medio,Cámara en mano,Naio se interpone y activa un campo de fuerza entre el Rey y su familia: tres segundos.,,3,4:49
ACTO 1,SEC 3 — Laboratorio de Naio,67,Plano medio,Fijo,El Rey lo mira casi con pena.,,3,4:52
ACTO 1,SEC 3 — Laboratorio de Naio,68,Plano entero,Whip-pan,"De un solo golpe derriba a Naio, como quien aparta una rama.",,2,4:54
ACTO 1,SEC 3 — Laboratorio de Naio,69,Primerísimo primer plano,Fijo,"Stella, grito ahogado de horror.",¡PAPÁ!,3,4:57
ACTO 1,SEC 3 — Laboratorio de Naio,70,Plano entero,Cámara en mano,Vera la arranca de ahí. Corren.,,2,4:59
ACTO 1,SEC 4 — Pasillos del palacio,71,Plano general,Steadicam,Vera y Stella corren a toda velocidad; Vera lleva a la bebé apretada al pecho.,,4,5:03
ACTO 1,SEC 4 — Pasillos del palacio,72,Plano detalle,Cámara en mano,"Detrás, lejos pero acercándose, el zumbido de los robots imperiales.",,2,5:05
ACTO 1,SEC 4 — Pasillos del palacio,73,Plano medio,Steadicam,"Vera habla entrecortado sin dejar de correr, brutal de tan clara.","Recuérdalo, Stella: nada es más importante que ese Orbe. Nada.",4,5:09
ACTO 1,SEC 4 — Pasillos del palacio,74,Primer plano,Steadicam,Vera la mira un segundo en plena carrera.,"Ni yo. Ni tu hermana. Sin él, el planeta entero muere. Todos. ¿Entiendes?",5,5:14
ACTO 1,SEC 4 — Pasillos del palacio,75,Primer plano,Steadicam,"Stella corriendo, los ojos llenos.",Entiendo. Tú solo cuida de Selka.,4,5:18
ACTO 1,SEC 4 — Pasillos del palacio,76,Primer plano,Steadicam,"Vera la mira de reojo y, en plena huida, le sonríe: una sonrisa imposible y por eso más fuerte.","Pase lo que pase, llega a la nave. La dejé afuera, en la salida que da al parque.",5,5:23
ACTO 1,SEC 4 — Pasillos del palacio,77,Plano general,Cámara en mano,Una pared estalla. Entran los primeros robots.,,2,5:25
ACTO 1,SEC 4 — Pasillos del palacio,78,Plano detalle,Whip-pan,Inserto de impacto: escombros y siluetas robóticas surgiendo del boquete.,,1,5:26
ACTO 1,SEC 4 — Pasillos del palacio,79,Plano entero,Cámara en mano,"Vera pelea con un brazo cubriendo a la bebé, golpeando a un robot mientras avanza.",,2,5:28
ACTO 1,SEC 4 — Pasillos del palacio,80,Plano americano,Whip-pan,"Stella se mueve con agilidad de quien entrenó toda su vida, esquivando y golpeando.",,2,5:30
ACTO 1,SEC 4 — Pasillos del palacio,81,Inserto,Fijo,"Un puño de luz de Stella revienta el torso de un robot; violencia por luz, sin sangre.",,1,5:31
ACTO 1,SEC 4 — Pasillos del palacio,82,Plano general,Steadicam,Madre e hija se abren paso entre los robots hacia el fondo.,,3,5:34
ACTO 1,SEC 4 — Pasillos del palacio,83,Plano general,Dolly in,Al fondo aparecen las enormes puertas de la SALA DEL ORBE.,,3,5:37
ACTO 1,SEC 5 — Sala del Orbe (muerte de Vera),84,Gran plano general,Grúa,"Una cámara inmensa. En el centro, suspendido, el ORBE: esfera de luzagua pura latiendo como un corazón.",,6,5:43
ACTO 1,SEC 5 — Sala del Orbe (muerte de Vera),85,Plano general,Fijo,Vera y Stella entran por un lado.,,2,5:45
ACTO 1,SEC 5 — Sala del Orbe (muerte de Vera),86,Plano general,Fijo,"Por el lado opuesto, al mismo tiempo, entra VORTHAN.",,2,5:47
ACTO 1,SEC 5 — Sala del Orbe (muerte de Vera),87,Plano medio,Whip-pan,Se miran a través de la sala: una carrera de un solo latido.,,3,5:50
ACTO 1,SEC 5 — Sala del Orbe (muerte de Vera),88,Primer plano,Fijo,Vera grita la orden.,¡Ve por el Orbe! ¡AHORA!,2,5:52
ACTO 1,SEC 5 — Sala del Orbe (muerte de Vera),89,Plano entero,Travelling,Stella arranca hacia la esfera a toda velocidad.,,2,5:54
ACTO 1,SEC 5 — Sala del Orbe (muerte de Vera),90,Plano general,Cámara en mano,"Los robots se cierran sobre Vera, que pelea protegiendo a Selka sin poder seguir a Stella.",,3,5:57
ACTO 1,SEC 5 — Sala del Orbe (muerte de Vera),91,Plano entero,Dolly in,"Entra OTRO: S1G1, un robot distinto, oscuro, esbelto, rápido, silencioso. Un asesino.",,4,6:01
ACTO 1,SEC 5 — Sala del Orbe (muerte de Vera),92,Primer plano,Fijo,"Vera lo ve y entiende: esto ya no es una pelea, es una ejecución.",,4,6:05
ACTO 1,SEC 5 — Sala del Orbe (muerte de Vera),93,Plano medio,Cámara en mano,"Vera acomoda a la bebé en el hueco de un panel, lejos, a salvo.",,3,6:08
ACTO 1,SEC 5 — Sala del Orbe (muerte de Vera),94,Plano americano,Fijo,"Se planta frente a S1G1, en guardia.",,2,6:10
ACTO 1,SEC 5 — Sala del Orbe (muerte de Vera),95,Plano entero,Cámara en mano,Pelea de verdad: Vera da todo lo que tiene contra el asesino.,,3,6:13
ACTO 1,SEC 5 — Sala del Orbe (muerte de Vera),96,Inserto,Whip-pan,Impacto: S1G1 bloquea y contragolpea con precisión letal.,,1,6:14
ACTO 1,SEC 5 — Sala del Orbe (muerte de Vera),97,Plano medio,Cámara en mano,S1G1 la neutraliza; Vera cae.,,2,6:16
ACTO 1,SEC 5 — Sala del Orbe (muerte de Vera),98,Primer plano,Fijo,"Aun cayendo, su último movimiento es cubrir a Selka con el cuerpo.","¡STELLA, CORRE! ¡NO MIRES ATRÁS!",4,6:20
ACTO 1,SEC 5 — Sala del Orbe (muerte de Vera),99,Plano detalle,Fijo,"Stella a tres pasos del Orbe, la mano extendida.",,2,6:22
ACTO 1,SEC 5 — Sala del Orbe (muerte de Vera),100,Primer plano,Fijo,Stella no obedece: se da media vuelta.,,2,6:24
ACTO 1,SEC 5 — Sala del Orbe (muerte de Vera),101,Plano entero,Travelling,Corre hacia su madre con toda su fuerza. Rompe la única regla. Por amor.,,3,6:27
ACTO 1,SEC 5 — Sala del Orbe (muerte de Vera),102,Primer plano,Fijo,"Vera, desesperada, grita.",¡NO! ¡NO TE ACERQUES!,2,6:29
ACTO 1,SEC 5 — Sala del Orbe (muerte de Vera),103,Plano entero,Whip-pan,Demasiado tarde: VORTHAN la intercepta y la atrapa por la trenza.,,2,6:31
ACTO 1,SEC 5 — Sala del Orbe (muerte de Vera),104,Contrapicado,Fijo,"La levanta del piso; Stella cuelga inmóvil, pataleando en el aire.",,3,6:34
ACTO 1,SEC 5 — Sala del Orbe (muerte de Vera),105,Primerísimo primer plano,Fijo,Stella llora de rabia e impotencia.,,3,6:37
ACTO 1,SEC 5 — Sala del Orbe (muerte de Vera),106,Primer plano,Dolly in,"El Rey, sosteniéndola del pelo, ríe por lo bajo, suave y casi paternal.",Tan parecida a tu madre. Corriendo hacia lo que ama.,5,6:42
ACTO 1,SEC 5 — Sala del Orbe (muerte de Vera),107,Primer plano,Fijo,Sentencia del Rey.,Por eso siempre pierden.,3,6:45
ACTO 1,SEC 5 — Sala del Orbe (muerte de Vera),108,Plano medio,Fijo,"En el suelo, Vera junta lo último que le queda y levanta las dos manos hacia su hija.",,3,6:48
ACTO 1,SEC 5 — Sala del Orbe (muerte de Vera),109,Inserto,Fijo,Se forma un escudo de luz alrededor de Stella.,,2,6:50
ACTO 1,SEC 5 — Sala del Orbe (muerte de Vera),110,Plano medio,Fijo,"En ese instante, S1G1 detrás de Vera le perfora el corazón. Violencia por luz, sin sangre.",,2,6:52
ACTO 1,SEC 5 — Sala del Orbe (muerte de Vera),111,Primerísimo primer plano,Fijo,"Stella, un grito que se rompe.",¡MAMÁ!,3,6:55
ACTO 1,SEC 5 — Sala del Orbe (muerte de Vera),112,Primer plano,Dolly in,"Vera la mira, sosteniendo el escudo con la vida que se le escapa. Mueve los labios.",Huye.,5,7:00
ACTO 1,SEC 5 — Sala del Orbe (muerte de Vera),113,Primer plano,Fijo,"Stella, colgada del pelo, atrapada, ve morir a su madre a un metro. HOLD desgarrador.",,5,7:05
ACTO 1,SEC 5 — Sala del Orbe (muerte de Vera),114,Plano detalle,Fijo,Saca de su traje un cuchillo láser.,,2,7:07
ACTO 1,SEC 5 — Sala del Orbe (muerte de Vera),115,Inserto,Fijo,Se lleva la hoja a la nuca y se corta la trenza de un tajo.,,2,7:09
ACTO 1,SEC 5 — Sala del Orbe (muerte de Vera),116,Plano entero,Fijo,"Cae libre al piso, con el pelo corto.",,2,7:11
ACTO 1,SEC 5 — Sala del Orbe (muerte de Vera),117,Plano medio,Fijo,El escudo de Vera se apaga con ella.,,4,7:15
ACTO 1,SEC 6 — Sala del Orbe (Stella toma el Orbe),118,Plano entero,Cámara en mano,"Stella rueda, se levanta y ahora sí corre hacia el Orbe, rota por dentro pero corriendo.",,3,7:18
ACTO 1,SEC 6 — Sala del Orbe (Stella toma el Orbe),119,Inserto,Whip-pan,Esquiva a un robot. A otro. Salta.,,2,7:20
ACTO 1,SEC 6 — Sala del Orbe (Stella toma el Orbe),120,Plano detalle,Dolly in,Su mano se cierra sobre la esfera. Toma el Orbe.,,3,7:23
ACTO 1,SEC 6 — Sala del Orbe (Stella toma el Orbe),121,Inserto,Fijo,"La llave de la palma se enciende; la esfera se integra, se hace pequeña y late en su mano.",,3,7:26
ACTO 1,SEC 6 — Sala del Orbe (Stella toma el Orbe),122,Plano detalle,Fijo,La muñequera marca: 'MAX'.,,2,7:28
ACTO 1,SEC 6 — Sala del Orbe (Stella toma el Orbe),123,Plano entero,Contrapicado,Los propulsores del traje rugen; Stella despega hacia un ducto estrecho en lo alto del techo.,,3,7:31
ACTO 1,SEC 6 — Sala del Orbe (Stella toma el Orbe),124,Primer plano,Fijo,"Antes de entrar, una fracción de segundo, mira hacia abajo.",,2,7:33
ACTO 1,SEC 6 — Sala del Orbe (Stella toma el Orbe),125,Picado,Fijo,"POV de Stella: su madre tirada, quieta; la bebé Selka llorando junto al cuerpo. Las ve por última vez.",,5,7:38
ACTO 1,SEC 6 — Sala del Orbe (Stella toma el Orbe),126,Primerísimo primer plano,Fijo,"Stella aprieta los dientes, tragándose todo.",,2,7:40
ACTO 1,SEC 6 — Sala del Orbe (Stella toma el Orbe),127,Plano detalle,Travelling,Entra al ducto y se lanza por el túnel estrecho.,,2,7:42
ACTO 1,SEC 6 — Sala del Orbe (Stella toma el Orbe),128,Plano entero,Travelling,"S1G1 dispara sus propulsores y la persigue dentro del túnel, ganando terreno.",,3,7:45
ACTO 1,SEC 6 — Sala del Orbe (Stella toma el Orbe),129,Plano detalle,Cámara en mano,"A centímetros de sus botas, la mano metálica de S1G1.",,2,7:47
ACTO 1,SEC 6 — Sala del Orbe (Stella toma el Orbe),130,Inserto,Fijo,S1G1 se atasca en el orificio. Forcejea. Chispas.,,2,7:49
ACTO 1,SEC 6 — Sala del Orbe (Stella toma el Orbe),131,Plano general,Whip-pan,"EXPLOTA. La onda escupe a Stella por el otro lado, al cielo abierto.",,3,7:52
ACTO 1,SEC 6 — Sala del Orbe (Stella toma el Orbe),132,Plano general,Grúa,"ABAJO, en la sala: Vera muerta en el piso, la bebé llorando a su lado.",,4,7:56
ACTO 1,SEC 6 — Sala del Orbe (Stella toma el Orbe),133,Plano medio,Dolly in,"VORTHAN se acerca sin prisa y levanta a Selka en brazos. La bebé se calla, mirándolo.",,5,8:01
ACTO 1,SEC 6 — Sala del Orbe (Stella toma el Orbe),134,Plano medio,Fijo,Dos robots se inclinan a recoger el cuerpo de Vera; el Rey los detiene con un gesto.,,3,8:04
ACTO 1,SEC 6 — Sala del Orbe (Stella toma el Orbe),135,Primer plano,Fijo,"El Rey, frío, sin mirar a Vera.",¿Qué hacen? Ya está muerta.,4,8:08
ACTO 1,SEC 6 — Sala del Orbe (Stella toma el Orbe),136,Plano medio,Fijo,Se da la vuelta con la bebé y da la orden.,Salgan a buscar a Stella. Necesitamos ese Orbe.,4,8:12
ACTO 1,SEC 6 — Sala del Orbe (Stella toma el Orbe),137,Plano general,Grúa,"Los robots sueltan el cuerpo y salen. El Rey se va con la bebé, dejando a Vera tirada en el suelo de su propia casa.",,6,8:18
ACTO 1,SEC 7 — Cielo de la Ciudad Dorada,138,Plano general,Grúa,Stella sale disparada del palacio y cae sobre la nave que Vera escondió.,,3,8:21
ACTO 1,SEC 7 — Cielo de la Ciudad Dorada,139,Plano medio,Cámara en mano,"Se mete dentro, manos temblando, y arranca.",,3,8:24
ACTO 1,SEC 7 — Cielo de la Ciudad Dorada,140,Gran plano general,Paneo,"Apenas despega, en el horizonte dorado aparece una FLOTA IMPERIAL: decenas de naves.",,5,8:29
ACTO 1,SEC 7 — Cielo de la Ciudad Dorada,141,Plano general,Travelling,"Empieza la persecución. Stella vuela como nadie, metiéndose entre las torres.",,3,8:32
ACTO 1,SEC 7 — Cielo de la Ciudad Dorada,142,Plano detalle,Cámara en mano,Raspa los puentes; chispas contra el metal.,,2,8:34
ACTO 1,SEC 7 — Cielo de la Ciudad Dorada,143,Inserto,Whip-pan,Hace chocar a dos perseguidores contra un edificio; estallan.,,2,8:36
ACTO 1,SEC 7 — Cielo de la Ciudad Dorada,144,Primer plano,Fijo,"Stella concentrada al mando; es brillante, pero son demasiados.",,3,8:39
ACTO 1,SEC 7 — Cielo de la Ciudad Dorada,145,Plano detalle,Fijo,Una nave imperial la encuadra en su punto de mira. El disparo va a salir.,,2,8:41
ACTO 1,SEC 7 — Cielo de la Ciudad Dorada,146,Inserto,Whip-pan,"La nave enemiga estalla, reventada desde un costado.",,2,8:43
ACTO 1,SEC 7 — Cielo de la Ciudad Dorada,147,Plano general,Grúa,"Aparecen OTRAS NAVES: aliados. Se interponen, abren fuego, le hacen un pasillo en el cielo.",,4,8:47
ACTO 1,SEC 7 — Cielo de la Ciudad Dorada,148,Plano medio,Fijo,Stella escucha la radio; una voz de mujer con calma de quien ya decidió morir.,Stella. Tu madre nos contó lo que pasaba.,4,8:51
ACTO 1,SEC 7 — Cielo de la Ciudad Dorada,149,Plano general,Whip-pan,"Al fondo, otra nave aliada se sacrifica contra la flota.",Estamos aquí para protegerte. No dejes que nuestro sacrificio sea en vano.,5,8:56
ACTO 1,SEC 7 — Cielo de la Ciudad Dorada,150,Primer plano,Fijo,"Stella al borde del llanto, sin entender.",¿Quiénes son ustedes? ¡No los conozco! ¡No—!,4,9:00
ACTO 1,SEC 7 — Cielo de la Ciudad Dorada,151,Plano medio,Fijo,"La voz de radio, firme, le encarga la misión.",No dejes que nadie consiga ese Orbe. Nadie.,4,9:04
ACTO 1,SEC 7 — Cielo de la Ciudad Dorada,152,Primer plano,Dolly in,La voz cierra su testamento a Stella.,Ve lejos. Hazte fuerte. Y vuelve algún día a salvarnos. Te vamos a estar esperando.,6,9:10
ACTO 1,SEC 7 — Cielo de la Ciudad Dorada,153,Plano general,Grúa,"Una a una, las naves aliadas se interponen y revientan, abriéndole camino al espacio.",,4,9:14
ACTO 1,SEC 7 — Cielo de la Ciudad Dorada,154,Plano detalle,Fijo,"Tres naves son derribadas sin estallar, forzadas; la flota captura vivos a sus tres pilotos.",,3,9:17
ACTO 1,SEC 7 — Cielo de la Ciudad Dorada,155,Primer plano,Fijo,Stella lo ve todo en el retrovisor: los que mueren y los tres que se llevan presos.,,5,9:22
ACTO 1,SEC 7 — Cielo de la Ciudad Dorada,156,Gran plano general,Dolly out,Y sale. Al vacío. Sola.,,5,9:27
ACTO 1,SEC 8 — Nave de Stella / Espacio profundo,157,Gran plano general,Fijo,"El silencio del espacio. Erdia, dorada y enferma, se encoge detrás.",,6,9:33
ACTO 1,SEC 8 — Nave de Stella / Espacio profundo,158,Plano detalle,Fijo,Una alarma suave. Luego otra. El panel marca: OXÍGENO CRÍTICO.,,4,9:37
ACTO 1,SEC 8 — Nave de Stella / Espacio profundo,159,Primer plano,Dolly in,"Stella respira cada vez más despacio; llora sin ruido. Catorce años, sin aire en mitad de la nada.",,7,9:44
ACTO 1,SEC 8 — Nave de Stella / Espacio profundo,160,Plano detalle,Fijo,"Mira su mano: la llave de luz, el Orbe latiendo dentro.",,4,9:48
ACTO 1,SEC 8 — Nave de Stella / Espacio profundo,161,Plano medio,Fijo,"En un acto de pura desesperación, sin saber lo que hace, pone la palma sobre el tablero.",,4,9:52
ACTO 1,SEC 8 — Nave de Stella / Espacio profundo,162,Inserto,Fijo,La energía del Orbe fluye hacia la nave; los paneles se encienden uno tras otro.,,3,9:55
ACTO 1,SEC 8 — Nave de Stella / Espacio profundo,163,Plano detalle,Cámara en mano,"La carga sube y sube; todo el sistema tiembla, se sobrecarga, colapsa.",,3,9:58
ACTO 1,SEC 8 — Nave de Stella / Espacio profundo,164,Plano general,Whip-pan,La nave da un HÍPER SALTO.,,2,10:00
ACTO 1,SEC 8 — Nave de Stella / Espacio profundo,165,Gran plano general,Dolly out,Un estallido de luz blanca se traga la pantalla; la nave es arrancada de su universo. Blanco total.,,5,10:05
ACTO 1,"SEC 9 — Palacio, balcón real [Año 0]",166,Gran plano general,Grúa,"Bajo un cielo todavía azul, VORTHAN habla ante una multitud inmensa. Voz de luto, perfecta.",Hoy nos han robado.,6,10:11
ACTO 1,"SEC 9 — Palacio, balcón real [Año 0]",167,Plano medio,Dolly in,El Rey deja caer la palabra desde el balcón.,"El Orbe —el corazón de Erdia, la fuente de todo lo que somos— ha sido arrancado de nuestro mundo.",6,10:17
ACTO 1,"SEC 9 — Palacio, balcón real [Año 0]",168,Plano general,Paneo,Murmullo de horror en la plaza; rostros descompuestos entre la multitud.,,4,10:21
ACTO 1,"SEC 9 — Palacio, balcón real [Año 0]",169,Primer plano,Fijo,"Vorthan continúa, sembrando el miedo.","Sin él, la luz se irá. El agua se irá. Y nuestro planeta… empezará a morir.",5,10:26
ACTO 1,"SEC 9 — Palacio, balcón real [Año 0]",170,Plano general,Dolly in,"Detrás de él, exhibidos en jaulas, los TRES PILOTOS que salvaron a Stella, presos y vencidos.",,5,10:31
ACTO 1,"SEC 9 — Palacio, balcón real [Año 0]",171,Primer plano,Fijo,El Rey lanza la acusación.,¿Y quién nos ha condenado a esto? Una de los nuestros.,4,10:35
ACTO 1,"SEC 9 — Palacio, balcón real [Año 0]",172,Primer plano,Dolly in,Retorciendo la verdad con calma venenosa.,Una niña a la que le dimos todo. Que prefirió quedarse con la luz de todos antes que dejarla correr.,6,10:41
ACTO 1,"SEC 9 — Palacio, balcón real [Año 0]",173,Primerísimo primer plano,Fijo,"La palabra final, como una sentencia.",Stella. Ladrona. Traidora.,5,10:46
ACTO 1,"SEC 9 — Palacio, balcón real [Año 0]",174,Plano general,Cámara en mano,"La multitud, que esa mañana la habría amado, empieza a gritar su nombre con odio.",,5,10:51
ACTO 1,"SEC 9 — Palacio, balcón real [Año 0]",175,Plano medio,Fijo,"Vorthan sostiene a la bebé Selka en brazos, frente a todos. La bebé mira la plaza enfurecida sin entender.",,5,10:56
ACTO 1,"SEC 9 — Palacio, balcón real [Año 0]",176,Primer plano,Dolly in,"Muy despacio, casi sin que se note, el Rey le acaricia la cabeza, como un padre. HOLD siniestro. CORTE A NEGRO.",,7,11:03
ACTO 2,SEC 10 — Bahía de carga de Theron,1,Plano detalle,Fijo,Goteo metálico cae sobre una superficie oscura y fría; una gota tras otra en luz azul industrial.,,4,11:07
ACTO 2,SEC 10 — Bahía de carga de Theron,2,Gran plano general,Grúa,La bahía enorme y penumbrosa; la nave destrozada de Vera sujeta por brazos mecánicos como un animal cazado.,,8,11:15
ACTO 2,SEC 10 — Bahía de carga de Theron,3,Plano medio,Dolly in,"Stella despierta de golpe en el suelo, jadeando, desorientada.",,3,11:18
ACTO 2,SEC 10 — Bahía de carga de Theron,4,Primerísimo primer plano,Fijo,"Antes que nada, mira su mano: la llave de luz sigue grabada, el Orbe late bajo la piel.",,4,11:22
ACTO 2,SEC 10 — Bahía de carga de Theron,5,Primer plano,Fijo,"Stella cierra los ojos y respira, aliviada de que el Orbe sigue con ella.",,3,11:25
ACTO 2,SEC 10 — Bahía de carga de Theron,6,Plano general,Fijo,Una sombra colosal se mueve en la penumbra al fondo de la bahía.,,4,11:29
ACTO 2,SEC 10 — Bahía de carga de Theron,7,Plano entero,Tilt,"Stella se incorpora, en guardia, encarando la sombra que se define.",¿Dónde estoy? ¿Quién eres? ¿Me… me salvaste?,5,11:34
ACTO 2,SEC 10 — Bahía de carga de Theron,8,Contrapicado,Fijo,"Theron, el Cazador, alto, de otra especie, ojos que no parpadean; siglos en la cara.",No te salvé. Te recogí.,4,11:38
ACTO 2,SEC 10 — Bahía de carga de Theron,9,Primer plano,Fijo,El rostro impasible de Theron remata la frase.,Hay una diferencia.,3,11:41
ACTO 2,SEC 10 — Bahía de carga de Theron,10,Plano medio,Steadicam,"Theron avanza despacio hacia Stella, acortando la distancia.",,4,11:45
ACTO 2,SEC 10 — Bahía de carga de Theron,11,Inserto,Dolly in,POV de Theron sobre la mano de Stella: el brillo del Orbe latiendo bajo la piel.,"Eso que llevas dentro brilla. Brilla como nada que haya visto en mucho, mucho tiempo.",5,11:50
ACTO 2,SEC 10 — Bahía de carga de Theron,12,Plano-contraplano,Fijo,"Theron la mira a los ojos, evaluándola como rastro, no como niña.",Y lo que brilla así… se puede seguir.,4,11:54
ACTO 2,SEC 10 — Bahía de carga de Theron,13,Primerísimo primer plano,Fijo,Stella aprieta el puño y esconde la mano; comprende que para él es una presa.,,5,11:59
ACTO 2,SEC 11 — Pasillos y taller,14,Plano general,Steadicam,La tripulación de Theron observa a Stella con desprecio mientras cruza el pasillo; la empujan al pasar.,,5,12:04
ACTO 2,SEC 11 — Pasillos y taller,15,Inserto,Fijo,Un plato de comida cae y se estrella contra el suelo metálico.,,2,12:06
ACTO 2,SEC 11 — Pasillos y taller,16,Plano americano,Fijo,"Vosk, matón enorme y con cicatrices, bloquea el paso de Stella y la mide.",La mascota del jefe. El cebo que respira.,4,12:10
ACTO 2,SEC 11 — Pasillos y taller,17,Plano detalle,Fijo,El dedo grueso de Vosk empuja el hombro de Stella.,¿Sabes qué le pasa al cebo cuando el pez ya picó?,3,12:13
ACTO 2,SEC 11 — Pasillos y taller,18,Primer plano,Cámara en mano,"Stella aparta la mano de Vosk de un golpe seco, desafiante.",,2,12:15
ACTO 2,SEC 11 — Pasillos y taller,19,Plano medio,Fijo,Vosk sonríe: era justo lo que buscaba.,,2,12:17
ACTO 2,SEC 11 — Pasillos y taller,20,Plano detalle,Whip-pan,El primer puñetazo de Vosk sale disparado hacia el encuadre.,,1,12:18
ACTO 2,SEC 11 — Pasillos y taller,21,Plano entero,Cámara en mano,"Pelea: Stella esquiva rápida y golpea, pequeña contra el muro que es Vosk.",,3,12:21
ACTO 2,SEC 11 — Pasillos y taller,22,Plano medio,Cámara en mano,"Vosk la estampa contra la pared, dominándola.",,2,12:23
ACTO 2,SEC 11 — Pasillos y taller,23,Inserto,Fijo,"Una mano de piedra, del tamaño de un yunque, cae sobre el hombro de Vosk.",,2,12:25
ACTO 2,SEC 11 — Pasillos y taller,24,Contrapicado,Tilt,"Brog, gigante de roca, se revela imponente entre Vosk y la niña.",,4,12:29
ACTO 2,SEC 11 — Pasillos y taller,25,Plano medio,Fijo,"Vosk escupe al suelo y se retira, vencido sin pelea.",,3,12:32
ACTO 2,SEC 11 — Pasillos y taller,26,Plano americano,Fijo,"Nima, mecánica de cuatro brazos, trabaja sin levantar la vista en su banco de piezas.",No le hagas caso a Vosk. Ladra para no pensar.,5,12:37
ACTO 2,SEC 11 — Pasillos y taller,27,Primer plano,Fijo,Nima al fin levanta la mirada hacia Stella.,"Hay dos formas de romperse, niña. La que llora… y la que arregla cosas a las tres de la mañana.",5,12:42
ACTO 2,SEC 11 — Pasillos y taller,28,Plano medio,Fijo,Nima vuelve a su trabajo con sus cuatro manos.,Adivina cuál soy yo.,3,12:45
ACTO 2,SEC 11 — Pasillos y taller,29,Plano entero,Dolly out,"Stella se deja caer al suelo, agotada, sosteniéndose la mano herida.",,4,12:49
ACTO 2,SEC 11 — Pasillos y taller,30,Plano general,Fijo,"Brog se sienta a su lado, enorme y en silencio; no la consuela, solo se queda.",,5,12:54
ACTO 2,SEC 11 — Pasillos y taller,31,Plano medio,Steadicam,"Theron entra al taller; Stella se gira hacia él, decidida.","Quiero volver a mi planeta. Mi familia está allá. Mi padre, mi hermana—",5,12:59
ACTO 2,SEC 11 — Pasillos y taller,32,Plano-contraplano,Fijo,"Theron corta su esperanza sin dureza, con la frialdad del que sabe.",Tu planeta ya no es tu problema más urgente.,4,13:03
ACTO 2,SEC 11 — Pasillos y taller,33,Primer plano,Dolly in,Theron suelta la verdad del tiempo dilatado.,Un año tuyo… son cuatro allá.,5,13:08
ACTO 2,SEC 11 — Pasillos y taller,34,Primerísimo primer plano,Fijo,"Stella levanta la cara lentamente, entendiendo el tamaño del horror.",…Cuatro.,5,13:13
ACTO 2,SEC 11 — Pasillos y taller,35,Plano medio,Fijo,"Theron se da la vuelta para irse, dejando caer la sentencia.","Cada día que pierdas aquí, pierdes cuatro allá. Así que no los pierdas.",5,13:18
ACTO 2,SEC 11 — Pasillos y taller,36,Primer plano,Dolly in,"Stella mira su propia mano, sintiendo el peso de un reloj que corre cuádruple.",,6,13:24
ACTO 2,SEC 12 — Refugio resistencia (Año 8),37,Gran plano general,Grúa,"Rótulo ERDIA · AÑO 8. Erdia ya no dorada: niebla, andamios, ríos de luzagua finos y opacos; chimeneas escupen humo donde hubo jardines.",,9,13:33
ACTO 2,SEC 12 — Refugio resistencia (Año 8),38,Plano general,Travelling,Interior del refugio escondido: naieli demacrados reunidos alrededor de un líder.,,5,13:38
ACTO 2,SEC 12 — Refugio resistencia (Año 8),39,Plano americano,Dolly in,"Marek, voz cálida y firme, arenga a su gente devolviéndoles esperanza.",El Rey dice que estamos así por culpa de Stella. Por una ladrona.,5,13:43
ACTO 2,SEC 12 — Refugio resistencia (Año 8),40,Primer plano,Fijo,Marek mira a los suyos y siembra la duda contra el Rey.,¿Una niña de catorce años vació un planeta entero? ¿O alguien necesitaba que odiáramos a alguien para no mirarlo a él?,6,13:49
ACTO 2,SEC 12 — Refugio resistencia (Año 8),41,Plano general,Paneo,La gente murmura y asiente; Marek les ha dado un enemigo distinto.,,4,13:53
ACTO 2,SEC 12 — Refugio resistencia (Año 8),42,Plano medio,Fijo,"A su lado, una figura encapuchada en silencio; no le vemos la cara.",,4,13:57
ACTO 2,SEC 12 — Refugio resistencia (Año 8),43,Plano detalle,Fijo,"Manos de mujer, fuertes, y un mechón de pelo blanco escapando de la capucha.",,4,14:01
ACTO 2,SEC 12 — Refugio resistencia (Año 8),44,Primer plano,Fijo,"La figura encapuchada observa a Marek y a la gente, y baja la cabeza. No sabemos quién es. Todavía.",,6,14:07
ACTO 2,SEC 13 — Planeta chatarra (Stella Año 2),45,Gran plano general,Aéreo,Rótulo STELLA ~AÑO 2. Un planeta chatarra bajo cielo enfermo; la operación de la flota de Theron entre escombros colosales.,,7,14:14
ACTO 2,SEC 13 — Planeta chatarra (Stella Año 2),46,Plano general,Steadicam,"Stella, ya mayor y más dura, avanza con el grupo; Brog cubre, Vosk al frente.",,5,14:19
ACTO 2,SEC 13 — Planeta chatarra (Stella Año 2),47,Plano medio,Cámara en mano,"De pronto, disparos de luz cruzan el encuadre: cazarrecompensas locales emboscan.",,2,14:21
ACTO 2,SEC 13 — Planeta chatarra (Stella Año 2),48,Plano entero,Cámara en mano,"Caos: el grupo se dispersa entre destellos, escombros que estallan.",,2,14:23
ACTO 2,SEC 13 — Planeta chatarra (Stella Año 2),49,Plano medio,Cámara en mano,"Stella se desliza y se esconde en una grieta, fuera de la vista enemiga.",,3,14:26
ACTO 2,SEC 13 — Planeta chatarra (Stella Año 2),50,Primer plano,Fijo,"Stella contiene la respiración en la grieta, a salvo.",,3,14:29
ACTO 2,SEC 13 — Planeta chatarra (Stella Año 2),51,POV,Fijo,"Desde la grieta, Stella ve a Vosk mirándola desde lejos.",,3,14:32
ACTO 2,SEC 13 — Planeta chatarra (Stella Año 2),52,Primerísimo primer plano,Fijo,Los ojos de Stella y de Vosk se cruzan; un instante suspendido.,,3,14:35
ACTO 2,SEC 13 — Planeta chatarra (Stella Año 2),53,Inserto,Fijo,La mano de Vosk recoge una piedra del suelo.,,2,14:37
ACTO 2,SEC 13 — Planeta chatarra (Stella Año 2),54,Plano detalle,Whip-pan,La piedra golpea el metal justo al lado de Stella: un ruido seco que la delata.,,2,14:39
ACTO 2,SEC 13 — Planeta chatarra (Stella Año 2),55,Plano americano,Cámara en mano,Vosk grita a los cazadores señalando la posición de Stella.,¡AHÍ! ¡LA DE LA MANO QUE BRILLA! ¡ESA VALE UNA FORTUNA!,3,14:42
ACTO 2,SEC 13 — Planeta chatarra (Stella Año 2),56,Plano general,Cámara en mano,Los cazarrecompensas caen en masa sobre la grieta de Stella.,,2,14:44
ACTO 2,SEC 13 — Planeta chatarra (Stella Año 2),57,Plano entero,Cámara en mano,Stella pelea con furia pero son demasiados; la rodean.,,3,14:47
ACTO 2,SEC 13 — Planeta chatarra (Stella Año 2),58,Inserto,Fijo,Un collar de contención se cierra en su cuello; el traje se apaga con un chisporroteo.,,2,14:49
ACTO 2,SEC 13 — Planeta chatarra (Stella Año 2),59,POV,Fijo,"Lo último que ve Stella al ser subida a la nave esclavista: Vosk sonriendo, contando su recompensa.",,4,14:53
ACTO 2,SEC 13 — Planeta chatarra (Stella Año 2),60,Plano medio,Whip-pan,Una red cae de golpe también sobre Vosk: los cazadores no hacen distinciones.,,2,14:55
ACTO 2,SEC 13 — Planeta chatarra (Stella Año 2),61,Plano americano,Cámara en mano,"Vosk forcejea en la red, protestando en vano.","¡No, no, esperen, yo se las entregué! ¡YO—!",3,14:58
ACTO 2,SEC 13 — Planeta chatarra (Stella Año 2),62,Plano general,Fijo,Se llevan a Vosk arrastrando junto a Stella; el silencio cae sobre la chatarra.,,4,15:02
ACTO 2,SEC 14 — La Fosa de apuestas,63,Gran plano general,Grúa,"Estación-mercado en el confín de la galaxia; abajo, la Fosa: pozo de combate rodeado de gradas rugientes.",,7,15:09
ACTO 2,SEC 14 — La Fosa de apuestas,64,Plano general,Paneo,El presentador anuncia a la ladrona del Orbe; las gradas estallan en gritos y apuestas.,,4,15:13
ACTO 2,SEC 14 — La Fosa de apuestas,65,Plano entero,Steadicam,"Stella en el centro del pozo, aún con el collar, busca una salida que no existe.",,4,15:17
ACTO 2,SEC 14 — La Fosa de apuestas,66,Plano medio,Fijo,Una reja se abre en el lado opuesto; empujan a su oponente al pozo.,,3,15:20
ACTO 2,SEC 14 — La Fosa de apuestas,67,Plano americano,Dolly in,"Noah, humano joven y magullado, con vieja espada y arma de luz; ojos que no se rinden.",,4,15:24
ACTO 2,SEC 14 — La Fosa de apuestas,68,Primerísimo primer plano,Fijo,"Stella se queda helada: ese chico se parece a ella, a su gente.",,5,15:29
ACTO 2,SEC 14 — La Fosa de apuestas,69,Plano general,Paneo,"La multitud exige sangre a gritos, puños en alto en las gradas.",,3,15:32
ACTO 2,SEC 14 — La Fosa de apuestas,70,Plano medio,Fijo,"Noah levanta la espada en guardia; Stella, en cambio, no.",No voy a matarte para que ellos aplaudan.,4,15:36
ACTO 2,SEC 14 — La Fosa de apuestas,71,Plano-contraplano,Fijo,"Noah la mide sin bajar el arma, receloso.",…¿Es una trampa?,3,15:39
ACTO 2,SEC 14 — La Fosa de apuestas,72,Primer plano,Fijo,"Stella sostiene la mirada, ofreciendo otra salida.",Es una oferta.,3,15:42
ACTO 2,SEC 14 — La Fosa de apuestas,73,Primer plano,Dolly in,Noah decide; algo cede en su rostro.,Entonces vas a tener que ayudarme a salir de aquí.,4,15:46
ACTO 2,SEC 14 — La Fosa de apuestas,74,Plano entero,Whip-pan,Los dos giran a la vez hacia los guardias en lugar de pelear entre sí.,,2,15:48
ACTO 2,SEC 14 — La Fosa de apuestas,75,Plano detalle,Fijo,Stella arranca el collar de un tirón; el Orbe se reenciende en su palma con un fogonazo.,,2,15:50
ACTO 2,SEC 14 — La Fosa de apuestas,76,Plano general,Cámara en mano,La fosa se convierte en fuga: luz y caos estallan en el pozo.,,3,15:53
ACTO 2,SEC 15 — Fosa / Pasarelas (fuga),77,Plano medio,Cámara en mano,Stella y Noah pelean espalda con espalda contra los guardias.,,2,15:55
ACTO 2,SEC 15 — Fosa / Pasarelas (fuga),78,Plano detalle,Whip-pan,La luz del Orbe barre a un guardia lanzándolo contra la reja.,,1,15:56
ACTO 2,SEC 15 — Fosa / Pasarelas (fuga),79,Plano detalle,Whip-pan,La espada de luz de Noah corta el aire y desvía a otro atacante.,,1,15:57
ACTO 2,SEC 15 — Fosa / Pasarelas (fuga),80,Inserto,Fijo,La pared exterior estalla hacia adentro: escombros y polvo.,,2,15:59
ACTO 2,SEC 15 — Fosa / Pasarelas (fuga),81,Contrapicado,Cámara en mano,Brog y Nima entran por la brecha; Theron mandó por ella.,,3,16:02
ACTO 2,SEC 15 — Fosa / Pasarelas (fuga),82,Plano general,Grúa,"En una plataforma de ejecución sobre la fosa, los dueños van a ajusticiar a un prisionero que ya no sirve.",,4,16:06
ACTO 2,SEC 15 — Fosa / Pasarelas (fuga),83,Plano medio,Dolly in,"Es Vosk: de rodillas, un arma de luz en la nuca.",,3,16:09
ACTO 2,SEC 15 — Fosa / Pasarelas (fuga),84,Primer plano,Fijo,Stella lo ve y se detiene en seco en plena fuga.,,3,16:12
ACTO 2,SEC 15 — Fosa / Pasarelas (fuga),85,Plano medio,Cámara en mano,"Noah le grita que vámonos, tirando de ella.",,2,16:14
ACTO 2,SEC 15 — Fosa / Pasarelas (fuga),86,Primerísimo primer plano,Fijo,Stella decide en un latido: cambia de dirección hacia Vosk.,,2,16:16
ACTO 2,SEC 15 — Fosa / Pasarelas (fuga),87,Plano entero,Steadicam,Stella corre por la pasarela hacia la plataforma de ejecución.,,2,16:18
ACTO 2,SEC 15 — Fosa / Pasarelas (fuga),88,Plano detalle,Whip-pan,Rompe la plataforma con el Orbe y desvía el disparo de luz que iba a la nuca de Vosk.,,2,16:20
ACTO 2,SEC 15 — Fosa / Pasarelas (fuga),89,Plano medio,Cámara en mano,"Stella carga a Vosk, tirando de él fuera del filo.",,2,16:22
ACTO 2,SEC 15 — Fosa / Pasarelas (fuga),90,Primer plano,Fijo,"Vosk la mira sin entender, el cuello aún marcado por el arma.",…Yo te entregué. Te vendí. ¿Por qué—?,4,16:26
ACTO 2,SEC 15 — Fosa / Pasarelas (fuga),91,Primer plano,Fijo,"Stella lo mira a los ojos, firme.",Porque yo no soy tú.,4,16:30
ACTO 2,SEC 15 — Fosa / Pasarelas (fuga),92,Plano medio,Cámara en mano,Lo suelta de un empujón hacia la salida.,,2,16:32
ACTO 2,SEC 15 — Fosa / Pasarelas (fuga),93,Primer plano,Dolly in,El matón la mira distinto por primera vez; algo en él se rompe y se recompone.,,4,16:36
ACTO 2,SEC 15 — Fosa / Pasarelas (fuga),94,Gran plano general,Grúa,"Todos escapan juntos —Stella, Noah, Brog, Nima, Vosk— mientras la estación arde detrás.",,5,16:41
ACTO 2,SEC 15 — Fosa / Pasarelas (fuga),95,Plano medio,Fijo,"Más tarde, en la nave, Theron observa a Stella desde lejos, en silencio; algo cambió.",,5,16:46
ACTO 2,SEC 15 — Fosa / Pasarelas (fuga),96,Plano medio,Fijo,"Noah, vendándose una herida, no le quita los ojos de encima a Stella.",,4,16:50
ACTO 2,SEC 15 — Fosa / Pasarelas (fuga),97,Primer plano,Dolly out,"Stella, ajena, mira el cielo hacia donde queda Erdia.",,6,16:56
ACTO 2,SEC 16 — Montaje familia rara (Stella Año 3),98,Gran plano general,Grúa,Rótulo STELLA ~AÑO 3. Planeta de los Cometas: cielo cruzado de cometas sobre un horizonte extraño.,,7,17:03
ACTO 2,SEC 16 — Montaje familia rara (Stella Año 3),99,Plano medio,Fijo,"Brog y Stella sentados frente al cielo; el gigante le enseña su idioma muerto, gutural y antiguo.",,5,17:08
ACTO 2,SEC 16 — Montaje familia rara (Stella Año 3),100,Primer plano,Fijo,"Stella repite las palabras con cuidado; Brog asiente despacio, lo más cercano a una sonrisa en una montaña.",,5,17:13
ACTO 2,SEC 16 — Montaje familia rara (Stella Año 3),101,Plano detalle,Fijo,"En el taller, las cuatro manos de Nima ensamblan un traje nuevo ligero, con monitor en la muñeca.",,4,17:17
ACTO 2,SEC 16 — Montaje familia rara (Stella Año 3),102,Plano medio,Dolly in,Nima ajusta el traje sobre Stella.,Tu traje viejo era de niña. Este es de quien va a volver a entrar a ese palacio.,5,17:22
ACTO 2,SEC 16 — Montaje familia rara (Stella Año 3),103,Plano entero,Cámara en mano,Stella entrena el Orbe: una descarga inestable la tira al piso y revienta un panel.,,3,17:25
ACTO 2,SEC 16 — Montaje familia rara (Stella Año 3),104,Plano detalle,Fijo,"De a poco, la luz le sale de la palma controlada, como un río que aprende a correr.",,4,17:29
ACTO 2,SEC 16 — Montaje familia rara (Stella Año 3),105,Plano americano,Dolly out,"Stella de pie, dominando el Orbe; ya no parece una sobreviviente sino un arma que eligió su causa.",,6,17:35
ACTO 2,"SEC 17 — Puente, la sospecha",106,Plano general,Fijo,Puente de la nave nodriza de noche; Theron y Stella solos ante el vacío estrellado.,,5,17:40
ACTO 2,"SEC 17 — Puente, la sospecha",107,Plano medio,Fijo,Theron le pide algo con un gesto.,Muéstrame la mano. Y el Orbe.,4,17:44
ACTO 2,"SEC 17 — Puente, la sospecha",108,Primer plano,Fijo,"Stella duda; luego abre la palma. El Orbe late bajo la piel, expuesto.",,4,17:48
ACTO 2,"SEC 17 — Puente, la sospecha",109,Inserto,Dolly in,Theron se inclina y estudia el Orbe con atención de cazador.,,4,17:52
ACTO 2,"SEC 17 — Puente, la sospecha",110,Plano detalle,Fijo,La mano de Theron se acerca como quien va a arrancar el Orbe; Stella contiene el aliento.,,3,17:55
ACTO 2,"SEC 17 — Puente, la sospecha",111,Primerísimo primer plano,Fijo,Theron lee cómo el Orbe está enredado en cada vena de ella; retira la mano.,No. Sacarlo a la fuerza te mataría a ti… y quizá a quien lo intente.,5,18:00
ACTO 2,"SEC 17 — Puente, la sospecha",112,Plano medio,Fijo,"Theron la mira, seco.",Sigues siendo más útil respirando.,4,18:04
ACTO 2,"SEC 17 — Puente, la sospecha",113,Primer plano,Fijo,"Stella guarda la mano, con ironía amarga.",Qué consuelo.,3,18:07
ACTO 2,"SEC 17 — Puente, la sospecha",114,Plano medio,Dolly in,"Stella lanza los rumores sobre el Rey, tanteando.","En mi mundo dicen cosas del Rey. Que es inmortal. Que nunca envejeció. Que llegó hace cientos de años, de ninguna parte.",6,18:13
ACTO 2,"SEC 17 — Puente, la sospecha",115,Primerísimo primer plano,Dolly in,Theron se queda muy quieto; algo se le enciende detrás de los ojos: eso suena a su presa.,,5,18:18
ACTO 2,"SEC 17 — Puente, la sospecha",116,Plano medio,Fijo,"Theron cierra el tema, guardándose la sospecha.",Los reyes siempre dicen que son eternos. Duerme.,4,18:22
ACTO 2,"SEC 17 — Puente, la sospecha",117,Plano general,Dolly out,"Stella se va; Theron se queda mirando el vacío, masticando una sospecha de veinte mil años.",,6,18:28
ACTO 2,"SEC 18 — Camarote, la revelación",118,Plano general,Fijo,"Camarote de Stella de noche; ella no duerme, tumbada mirando el techo.",,5,18:33
ACTO 2,"SEC 18 — Camarote, la revelación",119,Plano medio,Steadicam,Theron entra y deja un proyector de imagen sobre la mesa.,No me interesa tu planeta. Pero un buen cazador siempre mira antes de descartar.,5,18:38
ACTO 2,"SEC 18 — Camarote, la revelación",120,Primer plano,Fijo,Theron la mira desde la puerta.,Mira tú también.,3,18:41
ACTO 2,"SEC 18 — Camarote, la revelación",121,Inserto,Fijo,El proyector se enciende; una luz temblorosa llena el camarote.,,3,18:44
ACTO 2,"SEC 18 — Camarote, la revelación",122,Plano medio,Dolly in,"En la imagen: Naio, viejo, encadenado, esclavo en una mina de niebla.",,5,18:49
ACTO 2,"SEC 18 — Camarote, la revelación",123,Plano entero,Fijo,"En la imagen: Selka, joven soldado, entrena con frialdad quirúrgica, perfecta y vacía; ojos gris-azul, cicatriz sobre el ojo izquierdo.",,5,18:54
ACTO 2,"SEC 18 — Camarote, la revelación",124,Plano medio,Fijo,En la imagen: una figura encapuchada lidera la resistencia junto a Marek; la capucha cae un segundo.,,4,18:58
ACTO 2,"SEC 18 — Camarote, la revelación",125,Primer plano,Dolly in,Es Vera. Viva.,,5,19:03
ACTO 2,"SEC 18 — Camarote, la revelación",126,Primerísimo primer plano,Fijo,Stella se lleva la mano a la boca; no respira.,…Está viva. Mamá está viva.,6,19:09
ACTO 2,"SEC 18 — Camarote, la revelación",127,Plano medio,Fijo,"Theron la observa desde la puerta; por primera vez no la mira como a un cebo, sino como a alguien que hará algo imposible.",,5,19:14
ACTO 2,"SEC 18 — Camarote, la revelación",128,Plano general,Dolly out,"Theron se va; Stella se queda toda la noche frente a la imagen de su madre, mirando el infinito.",,7,19:21
ACTO 2,SEC 19 — Minas de niebla (Año 14),129,Gran plano general,Grúa,Rótulo ERDIA · AÑO 14. Minas de niebla: siluetas de esclavos entre vapor gris y andamios oxidados.,,8,19:29
ACTO 2,SEC 19 — Minas de niebla (Año 14),130,Plano medio,Steadicam,"La figura encapuchada —Vera— se desliza entre los esclavos, buscando.",,5,19:34
ACTO 2,SEC 19 — Minas de niebla (Año 14),131,Plano entero,Dolly in,"Encuentra a Naio: anciano, roto, irreconocible entre la niebla.",,4,19:38
ACTO 2,SEC 19 — Minas de niebla (Año 14),132,Plano detalle,Fijo,Vera se baja la capucha lo justo para que él la vea.,,3,19:41
ACTO 2,SEC 19 — Minas de niebla (Año 14),133,Primer plano,Dolly in,"Naio, sin aire, no puede creer lo que ve.","…¿Vera? No. No, tú moriste. Yo te vi—",5,19:46
ACTO 2,SEC 19 — Minas de niebla (Año 14),134,Primer plano,Fijo,"Vera le da la noticia, la voz quebrándose.","Está viva, Naio. Selka está viva. Pero ya no es… ya no es ella. Le metieron otra cosa adentro.",6,19:52
ACTO 2,SEC 19 — Minas de niebla (Año 14),135,Primer plano,Fijo,Naio le suplica que no vaya.,"No vayas. Si está con él, es una trampa. Te lo ruego.",5,19:57
ACTO 2,SEC 19 — Minas de niebla (Año 14),136,Primerísimo primer plano,Fijo,"Vera le toma la cara, decidida.",Vuelvo por ti. Te lo juro. Pero primero voy por mi hija.,5,20:02
ACTO 2,SEC 19 — Minas de niebla (Año 14),137,Plano medio,Fijo,"Se abrazan, breve y fuerte.",,4,20:06
ACTO 2,SEC 19 — Minas de niebla (Año 14),138,Plano general,Dolly out,"Vera se va hacia el palacio; Naio estira la mano hacia ella en la niebla, sin alcanzarla.",,7,20:13
ACTO 2,SEC 20 — Muerte de Vera (Año 14),139,Plano general,Steadicam,"Rótulo ERDIA · AÑO 14. Aposentos de la General; Vera entra encapuchada, Korin y Lessa cubren afuera, Marek la acompaña.",,6,20:19
ACTO 2,SEC 20 — Muerte de Vera (Año 14),140,Plano medio,Fijo,Marek se detiene en la puerta y le aprieta el hombro.,"Yo vigilo aquí. Si algo sale mal, corre. No mires atrás.",5,20:24
ACTO 2,SEC 20 — Muerte de Vera (Año 14),141,Primer plano,Fijo,"Marek, grave, pone toda su esperanza en ella.",Tráela de vuelta.,3,20:27
ACTO 2,SEC 20 — Muerte de Vera (Año 14),142,Plano entero,Dolly in,Vera entra sola a los aposentos; la puerta queda entreabierta a su espalda.,,5,20:32
ACTO 2,SEC 20 — Muerte de Vera (Año 14),143,Plano general,Fijo,"Adentro, de espaldas, Selka la General: joven, blanca, impecable, fría.",Sé lo que eres. Una rata de la resistencia. ¿Vienes a matarme mientras duermo?,6,20:38
ACTO 2,SEC 20 — Muerte de Vera (Año 14),144,Primer plano,Fijo,"Vera se baja la capucha, revelando su cara.",Vengo por ti.,4,20:42
ACTO 2,SEC 20 — Muerte de Vera (Año 14),145,Plano medio,Dolly in,Selka se gira y ve la cara de Vera.,,3,20:45
ACTO 2,SEC 20 — Muerte de Vera (Año 14),146,Primerísimo primer plano,Fijo,"Algo muy adentro de Selka tiembla un microsegundo, antes de que el adiestramiento lo aplaste.",,4,20:49
ACTO 2,SEC 20 — Muerte de Vera (Año 14),147,Primer plano,Fijo,"El rostro de Selka se cierra de nuevo, glacial.",Traidora.,3,20:52
ACTO 2,SEC 20 — Muerte de Vera (Año 14),148,Plano entero,Cámara en mano,Selka se lanza al ataque con su hoja de luz.,,2,20:54
ACTO 2,SEC 20 — Muerte de Vera (Año 14),149,Plano medio,Cámara en mano,"Vera no contraataca: esquiva, bloquea, retrocede; no puede herir a su hija.",,3,20:57
ACTO 2,SEC 20 — Muerte de Vera (Año 14),150,Plano detalle,Whip-pan,"La hoja de luz de Selka pasa a un palmo de Vera, que la desvía con el antebrazo.",,2,20:59
ACTO 2,SEC 20 — Muerte de Vera (Año 14),151,Primer plano,Cámara en mano,"Vera, entre golpes, le suplica que la mire.",No voy a lastimarte. No puedo. Mírame. Mírame.,5,21:04
ACTO 2,SEC 20 — Muerte de Vera (Año 14),152,Primerísimo primer plano,Fijo,"Ante una enemiga que se niega a herirla, Selka se desarma; el brazo le tiembla.",,4,21:08
ACTO 2,SEC 20 — Muerte de Vera (Año 14),153,Inserto,Fijo,La hoja de luz de Selka baja lentamente y se apaga.,,3,21:11
ACTO 2,SEC 20 — Muerte de Vera (Año 14),154,Plano medio,Dolly in,Algo en Selka se rinde sin entender por qué; queda vulnerable.,,4,21:15
ACTO 2,SEC 20 — Muerte de Vera (Año 14),155,Plano entero,Steadicam,Vera se acerca y la envuelve en un abrazo; la aprieta como aprietan las madres.,,5,21:20
ACTO 2,SEC 20 — Muerte de Vera (Año 14),156,Primer plano,Fijo,"Vera, al oído de su hija, llorando.","Vámonos a casa. Tú, yo y tu padre. Empecemos de nuevo. Olvidemos todo esto.",6,21:26
ACTO 2,SEC 20 — Muerte de Vera (Año 14),157,Primerísimo primer plano,Fijo,"Selka, en el abrazo, cierra los ojos.",,4,21:30
ACTO 2,SEC 20 — Muerte de Vera (Año 14),158,Inserto,Dolly in,"La mano de Selka, oculta, alza un arma corta de luz hacia el costado de Vera.",,2,21:32
ACTO 2,SEC 20 — Muerte de Vera (Año 14),159,Plano detalle,Fijo,"El arma se clava en el costado de Vera; un fogonazo contenido, sin sangre.",,3,21:35
ACTO 2,SEC 20 — Muerte de Vera (Año 14),160,Primerísimo primer plano,Fijo,Vera ahoga un grito; los ojos se le abren de golpe.,,4,21:39
ACTO 2,SEC 20 — Muerte de Vera (Año 14),161,Plano detalle,Fijo,"La mano de Vera sube temblando hasta la cara de Selka, buscándola, sin entender.",,5,21:44
ACTO 2,SEC 20 — Muerte de Vera (Año 14),162,Primer plano,Fijo,"Vera, un hilo de voz, rota, traicionada.",…Selka. ¿Por qué.,5,21:49
ACTO 2,SEC 20 — Muerte de Vera (Año 14),163,Plano medio,Fijo,Selka la sostiene contra sí; el abrazo se vuelve otra cosa. Le susurra algo al oído que no alcanzamos a oír.,,6,21:55
ACTO 2,SEC 20 — Muerte de Vera (Año 14),164,POV,Fijo,"Desde la puerta entreabierta, Korin y Lessa lo ven todo: la General abrazando a su madre, y el arma.",,4,21:59
ACTO 2,SEC 20 — Muerte de Vera (Año 14),165,Plano medio,Cámara en mano,"Marek llega un segundo tarde, la cara desencajada de horror.",,3,22:02
ACTO 2,SEC 20 — Muerte de Vera (Año 14),166,Primer plano,Fijo,"Korin, susurrando, retrocede sin poder creerlo.",…La mató. Su propia hija la mató.,5,22:07
ACTO 2,SEC 20 — Muerte de Vera (Año 14),167,Plano entero,Dolly out,"Vera resbala lentamente al piso, deslizándose contra Selka.",,5,22:12
ACTO 2,SEC 20 — Muerte de Vera (Año 14),168,Primerísimo primer plano,Fijo,"Vera mira la cara de Selka hasta el último segundo, y muere creyéndolo.",,7,22:19
ACTO 2,SEC 20 — Muerte de Vera (Año 14),169,Plano detalle,Fijo,La mano de Vera se desliza de la mejilla de Selka y cae al suelo.,,4,22:23
ACTO 2,SEC 20 — Muerte de Vera (Año 14),170,Plano entero,Grúa,"Selka queda de pie sobre el cuerpo de su madre, el arma goteando luz, temblando entera sin entender por qué.",,6,22:29
ACTO 2,SEC 20 — Muerte de Vera (Año 14),171,Primer plano,Dolly in,"Sin querer, Selka empieza a tararear una nana que no recuerda haber aprendido.",,7,22:36
ACTO 2,SEC 20 — Muerte de Vera (Año 14),172,Gran plano general,Grúa,Cenital lento sobre la sala: la General diminuta de pie junto al cuerpo de Vera. Corte a negro.,,8,22:44
ACTO 3,SEC 21 — Puerto en ruinas,1,Gran plano general,Grúa,"Rótulo ERDIA · AÑO 20 sobre la ciudad dorada hoy gris, partida en dos, envuelta en niebla",,8,22:52
ACTO 3,SEC 21 — Puerto en ruinas,2,Plano general,Paneo,"Murales del Rey por las paredes; bajo ellos, pintado con bronca, el nombre STELLA tachado",,5,22:57
ACTO 3,SEC 21 — Puerto en ruinas,3,Plano general,Fijo,"Una nave pequeña aterriza entre la chatarra, levantando polvo y niebla",,4,23:01
ACTO 3,SEC 21 — Puerto en ruinas,4,Plano entero,Fijo,"Se abre la rampa; bajan Brog, Nima, Noah y una mujer encapuchada de pelo teñido oscuro",,4,23:05
ACTO 3,SEC 21 — Puerto en ruinas,5,Primer plano,Dolly in,"Bajo la capucha, el rostro de Stella (~19), pelo teñido, camuflada en su propio mundo",,4,23:09
ACTO 3,SEC 21 — Puerto en ruinas,6,Plano medio,Steadicam,Stella camina entre la gente; miradas de odio la siguen sin reconocerla,,5,23:14
ACTO 3,SEC 21 — Puerto en ruinas,7,Plano detalle,Fijo,Un viejo escupe al suelo al oír el nombre de Stella en una conversación ajena,,2,23:16
ACTO 3,SEC 21 — Puerto en ruinas,8,Plano medio,Fijo,"Noah, a su lado, bajo, mirándola de reojo",Todo un planeta te odia. ¿Y aun así volviste.,4,23:20
ACTO 3,SEC 21 — Puerto en ruinas,9,Primer plano,Fijo,"Stella mira las ruinas, dura, contenida",Por eso volví.,4,23:24
ACTO 3,SEC 21 — Puerto en ruinas,10,Plano general,Cámara en mano,"Un grupo de la resistencia los rodea de golpe, armas de luz en alto",,3,23:27
ACTO 3,SEC 21 — Puerto en ruinas,11,Plano americano,Fijo,"Al frente, más viejo y cansado, Korin apunta a Stella",,3,23:30
ACTO 3,SEC 21 — Puerto en ruinas,12,Primer plano,Dolly in,"Stella se baja la capucha despacio, ofreciendo la cara",,4,23:34
ACTO 3,SEC 21 — Puerto en ruinas,13,Plano-contraplano,Fijo,"Korin la escruta; no reconoce el pelo, el dedo tensa el gatillo de luz",,4,23:38
ACTO 3,SEC 21 — Puerto en ruinas,14,Primerísimo primer plano,Dolly in,Los ojos de Korin: bajo el tinte reconoce la cara de la niña de hace veinte años,,3,23:41
ACTO 3,SEC 21 — Puerto en ruinas,15,Primer plano,Fijo,"Korin, la voz rota, baja el arma temblando",¿Stella? Yo te conocí de pequeña —siempre al lado de tu madre. Eres tú. Volviste.,6,23:47
ACTO 3,SEC 21 — Puerto en ruinas,16,Plano medio,Fijo,"Stella sostiene la mirada, algo se le ablanda un instante",,3,23:50
ACTO 3,SEC 21 — Puerto en ruinas,17,Plano general,Fijo,EN ÓRBITA — Puente de la nave nodriza: la pantalla muestra Erdia hirviendo,,4,23:54
ACTO 3,SEC 21 — Puerto en ruinas,18,Primer plano,Fijo,"Vosk aprieta los puños mirando la pantalla, se gira a Theron",Déjame bajar. Está sola ahí abajo.,4,23:58
ACTO 3,SEC 21 — Puerto en ruinas,19,Plano medio,Fijo,"Theron, inmóvil, contraplano",No es nuestra guerra.,3,24:01
ACTO 3,SEC 21 — Puerto en ruinas,20,Primer plano,Dolly in,"Vosk, decidido, sin apartar la vista",Se volvió mía el día que me sacó de esa fosa.,5,24:06
ACTO 3,SEC 21 — Puerto en ruinas,21,Plano medio,Fijo,"Theron lo mira; no dice sí, tampoco lo impide",,4,24:10
ACTO 3,SEC 22 — Refugio / Naio,22,Plano general,Fijo,Interior del refugio de la resistencia; Korin guía a Stella entre escombros y esclavos liberados,,5,24:15
ACTO 3,SEC 22 — Refugio / Naio,23,Plano americano,Steadicam,"Se detienen ante un anciano encorvado, ciego de un ojo, irreconocible",,4,24:19
ACTO 3,SEC 22 — Refugio / Naio,24,Primer plano,Dolly in,El rostro del anciano: es Naio,,4,24:23
ACTO 3,SEC 22 — Refugio / Naio,25,Plano medio,Fijo,"Stella se queda sin aire, se acerca y se arrodilla frente a él",Papá.,5,24:28
ACTO 3,SEC 22 — Refugio / Naio,26,Plano detalle,Fijo,Las manos de Naio buscan y toman la de Stella; siente bajo la piel la llave de luz latiendo,,4,24:32
ACTO 3,SEC 22 — Refugio / Naio,27,Primerísimo primer plano,Fijo,El ojo bueno de Naio se llena de lágrimas,,4,24:36
ACTO 3,SEC 22 — Refugio / Naio,28,Primer plano,Fijo,"Naio, temblando de emoción, le toca el pelo teñido",Volviste. Veinte años. Lo cuidaste toda tu vida. Mi niña del río.,8,24:44
ACTO 3,SEC 22 — Refugio / Naio,29,Primer plano,Fijo,"Stella, con esperanza intacta, le aprieta la mano","Mamá está viva, papá. La vi. Voy a sacarlos a los dos. A Selka también. Te lo prometo.",7,24:51
ACTO 3,SEC 22 — Refugio / Naio,30,Plano medio,Dolly out,Naio calla lo que la resistencia cree de Vera; la deja irse con su esperanza,,5,24:56
ACTO 3,SEC 23 — El asalto,31,Gran plano general,Grúa,La resistencia carga contra el palacio; estalla la guerra en las calles de niebla,,5,25:01
ACTO 3,SEC 23 — El asalto,32,Plano entero,Cámara en mano,Brog abre una brecha en un muro a puñetazos,,2,25:03
ACTO 3,SEC 23 — El asalto,33,Plano medio,Whip-pan,"Nima, cuatro brazos, inutiliza robots imperiales en cadena",,2,25:05
ACTO 3,SEC 23 — El asalto,34,Plano americano,Steadicam,"Noah cubre a Stella con espada y arma de luz, avanzando",,3,25:08
ACTO 3,SEC 23 — El asalto,35,Inserto,Fijo,"Un comando arranca a un grupo de esclavos clave; Naio entre ellos, puesto a salvo",,3,25:11
ACTO 3,SEC 23 — El asalto,36,Plano medio,Fijo,Stella mira la cúpula más alta; decide romper la misión de reconocimiento,,3,25:14
ACTO 3,SEC 23 — El asalto,37,Contrapicado,Tilt,"Stella escala la fachada del palacio entre destellos de luz, sola, hacia la Sala del Trono",,5,25:19
ACTO 3,SEC 23 — El asalto,38,Plano general,Fijo,"Llega al techo de cristal; abajo, en el centro, una figura blanca espera de pie, inmóvil",,4,25:23
ACTO 3,SEC 23 — El asalto,39,Plano detalle,Fijo,El Orbe brilla en la palma de Stella al alzar el puño sobre el cristal,,2,25:25
ACTO 3,SEC 23 — El asalto,40,Cenital,Fijo,El cristal estalla; Stella cae en picado hacia el trono en lluvia de vidrios,,3,25:28
ACTO 3,SEC 24 — Duelo de hermanas,41,Plano entero,Fijo,Stella aterriza entre vidrios y se levanta,,3,25:31
ACTO 3,SEC 24 — Duelo de hermanas,42,Plano americano,Dolly in,"Frente a ella, Selka —la General, blanca, perfecta, cicatriz sobre el ojo izquierdo, sin un gesto",,4,25:35
ACTO 3,SEC 24 — Duelo de hermanas,43,Plano general,Fijo,"Las dos hermanas, frente a frente, por primera vez en veinte años",,4,25:39
ACTO 3,SEC 24 — Duelo de hermanas,44,Primer plano,Fijo,"Selka, glacial, desenfunda una hoja de luz",La ladrona. Volviste a la escena del crimen. Qué considerada.,5,25:44
ACTO 3,SEC 24 — Duelo de hermanas,45,Plano medio,Fijo,"Stella, las manos abiertas, sin atacar",No vine a pelear contigo.,3,25:47
ACTO 3,SEC 24 — Duelo de hermanas,46,Primer plano,Fijo,"Selka, hoja en guardia, contraplano",Todos dicen eso antes de morir.,3,25:50
ACTO 3,SEC 24 — Duelo de hermanas,47,Plano entero,Whip-pan,Selka ataca; la hoja de luz corta el aire,,2,25:52
ACTO 3,SEC 24 — Duelo de hermanas,48,Plano medio,Cámara en mano,Stella bloquea y desvía con velocidad de otro universo,,2,25:54
ACTO 3,SEC 24 — Duelo de hermanas,49,Inserto,Fijo,"Las hojas chocan, fogonazo de luz en el punto de contacto",,1,25:55
ACTO 3,SEC 24 — Duelo de hermanas,50,Plano detalle,Whip-pan,Stella gira la muñeca de Selka y la desarma; la hoja vuela,,2,25:57
ACTO 3,SEC 24 — Duelo de hermanas,51,Plano medio,Fijo,"Stella tiene el remate y no lo da; no quiere vencerla, quiere alcanzarla",,3,26:00
ACTO 3,SEC 24 — Duelo de hermanas,52,Primer plano,Fijo,"Stella, esquivando, la voz quebrada",¿Por qué mataste a nuestra madre?,4,26:04
ACTO 3,SEC 24 — Duelo de hermanas,53,Primer plano,Fijo,"Selka, sin un parpadeo, recupera un arma de reserva",He ejecutado a cientos. No recuerdo a ninguna que se llamara 'madre'.,5,26:09
ACTO 3,SEC 24 — Duelo de hermanas,54,Primerísimo primer plano,Fijo,La frase le duele a Stella más que un golpe; baja la guardia un segundo,,3,26:12
ACTO 3,SEC 24 — Duelo de hermanas,55,Plano entero,Cámara en mano,"Selka la barre y la tira al piso, la hoja en alto sobre ella",,2,26:14
ACTO 3,SEC 24 — Duelo de hermanas,56,POV,Fijo,POV de Stella acorralada: la hoja de luz cayendo hacia su cara,,1,26:15
ACTO 3,SEC 24 — Duelo de hermanas,57,Plano detalle,Dolly in,Stella ahueca la palma; una chispa de Gix baila en su mano,,3,26:18
ACTO 3,SEC 24 — Duelo de hermanas,58,Inserto,Fijo,La mano de Stella sube buscando la frente de Selka —el mismo gesto del laboratorio,,2,26:20
ACTO 3,SEC 24 — Duelo de hermanas,59,Primerísimo primer plano,Fijo,"Selka se congela; la hoja tiembla en el aire, algo enterrado se remueve",,4,26:24
ACTO 3,SEC 24 — Duelo de hermanas,60,Primerísimo primer plano,Dolly in,Bajo la General asoma una niña; el susurro perdido,…¿Por qué… por qué conozco eso?,5,26:29
ACTO 3,SEC 24 — Duelo de hermanas,61,Plano medio,Fijo,"Las dos quietas, a un latido de despertar; el chispazo de Gix flota entre ellas",,4,26:33
ACTO 3,SEC 24 — Duelo de hermanas,62,Primer plano,Fijo,"El latido aterra a Selka; el miedo se vuelve rabia, ataca lo que la confunde",,3,26:36
ACTO 3,SEC 24 — Duelo de hermanas,63,Plano detalle,Whip-pan,Selka agarra la mano de Stella con fuerza,,1,26:37
ACTO 3,SEC 24 — Duelo de hermanas,64,Inserto,Fijo,Fogonazo: el Orbe sale arrancado de la palma de Stella —comparten sangre,,2,26:39
ACTO 3,SEC 24 — Duelo de hermanas,65,Plano entero,Fijo,"Stella se desploma, los ojos en blanco; cae en coma, no muere",,3,26:42
ACTO 3,SEC 24 — Duelo de hermanas,66,Plano detalle,Dolly in,Una chispa sale del brazalete y se hunde en el pecho de Stella: Gix abrazándole el corazón,,3,26:45
ACTO 3,SEC 24 — Duelo de hermanas,67,Plano medio,Fijo,"Selka de pie, el Orbe en la mano, respirando agitada, sin saber qué acaba de hacerse",,4,26:49
ACTO 3,SEC 24 — Duelo de hermanas,68,Plano americano,Fijo,"Selka a los guardias, la voz no del todo firme",Cuéntenlo. La traidora cayó.,4,26:53
ACTO 3,SEC 25 — La nave despierta,69,Plano medio,Steadicam,Selka camina hacia la consola del trono con el Orbe en la mano,,4,26:57
ACTO 3,SEC 25 — La nave despierta,70,Plano detalle,Dolly in,"Coloca el Orbe en su lugar en la consola; por fin, cree, va a devolver la luz",,4,27:01
ACTO 3,SEC 25 — La nave despierta,71,Primer plano,Fijo,Selka espera la luz. La luz no vuelve,,4,27:05
ACTO 3,SEC 25 — La nave despierta,72,Plano general,Cámara en mano,"Todo tiembla; las paredes del palacio se pliegan, el piso se vuelve cubierta",,4,27:09
ACTO 3,SEC 25 — La nave despierta,73,Inserto,Fijo,El trono se abre como un puente de mando; motores antiquísimos despiertan en lo profundo,,3,27:12
ACTO 3,SEC 25 — La nave despierta,74,Gran plano general,Grúa,Lo que fue palacio —el 'meteorito' clavado siglos— se enciende entero: siempre fue una nave,,7,27:19
ACTO 3,SEC 25 — La nave despierta,75,Plano medio,Dolly out,"Selka retrocede, por primera vez en su vida con miedo",,3,27:22
ACTO 3,SEC 25 — La nave despierta,76,Plano americano,Fijo,Selka habla hacia la sombra del trono,Majestad… el Orbe debería traer la luz. ¿Qué es esto? ¿Qué está pasando?,6,27:28
ACTO 3,SEC 25 — La nave despierta,77,Primer plano,Dolly in,"Desde el trono, una risa hecha de mil voces a la vez","La luz nunca fue para ellos, pequeña. Y nunca fue tuya.",6,27:34
ACTO 3,SEC 26 — 'Fui yo',78,Plano entero,Dolly in,Vorthan se levanta del trono y empieza a cambiar,,4,27:38
ACTO 3,SEC 26 — 'Fui yo',79,Plano medio,Fijo,La forma se transmuta y toma el rostro de Vera,,4,27:42
ACTO 3,SEC 26 — 'Fui yo',80,Plano entero,Steadicam,"Con la cara de la madre, camina despacio hacia Stella que agoniza en el piso",,5,27:47
ACTO 3,SEC 26 — 'Fui yo',81,Plano medio,Fijo,"'Vera' se arrodilla junto a Stella y le acaricia el pelo teñido, dulce y monstruoso",,5,27:52
ACTO 3,SEC 26 — 'Fui yo',82,Primerísimo primer plano,Fijo,"Stella entreabre los ojos por última vez; no ve al monstruo, ve a su madre",,4,27:56
ACTO 3,SEC 26 — 'Fui yo',83,Primer plano,Fijo,"Stella, un hilo de voz, una sonrisa en paz",Mamá… viniste.,5,28:01
ACTO 3,SEC 26 — 'Fui yo',84,Primer plano,Fijo,"'Vera', con la voz de la madre, contraplano tierno y falso","Aquí estoy, mi amor. Descansa.",5,28:06
ACTO 3,SEC 26 — 'Fui yo',85,Primerísimo primer plano,Dolly in,"Stella cierra los ojos y se va en paz, creyendo que su madre vino por ella",,6,28:12
ACTO 3,SEC 26 — 'Fui yo',86,Plano medio,Fijo,La cosa se incorpora; el rostro de Vera se deshace y muta a Marek,,4,28:16
ACTO 3,SEC 26 — 'Fui yo',87,Plano medio,Fijo,Selka mira sin entender cómo el héroe del pueblo sale de su Rey,,3,28:19
ACTO 3,SEC 26 — 'Fui yo',88,Primer plano,Dolly in,"'Marek' sonríe con su propia cara, revelando la verdad",¿No te preguntaste nunca cómo el Rey sabía siempre dónde golpear a la resistencia? No había resistencia. Solo yo. Llevándolos a todos al matadero.,8,28:27
ACTO 3,SEC 26 — 'Fui yo',89,Plano medio,Fijo,La forma se encoge y toma la última máscara: una niña pequeña de pelo blanco —Selka de niña,,4,28:31
ACTO 3,SEC 26 — 'Fui yo',90,Plano americano,Fijo,La 'niña Selka' se gira hacia la General con la voz más tierna del mundo,Fuiste tú quien la mató. Al menos… eso creyó ella.,5,28:36
ACTO 3,SEC 26 — 'Fui yo',91,Primer plano,Dolly in,"La niña ladea la cabeza, clavando el cuchillo verbal",Tu madre vino a salvarte. Y murió mirando esta cara. Odiándote con toda el alma.,7,28:43
ACTO 3,SEC 26 — 'Fui yo',92,Primerísimo primer plano,Fijo,"La carita de la niña, la revelación final, la risita infantil","Porque la maté yo, pequeña. Vistiendo tu rostro. Te puse el cuchillo en la mano sin que lo supieras.",8,28:51
ACTO 3,SEC 26 — 'Fui yo',93,Plano detalle,Fijo,Inserto-recuerdo: la mano de Selka sobre el cuchillo en el costado de Vera (SEC 20),,2,28:53
ACTO 3,SEC 26 — 'Fui yo',94,Plano medio,Dolly out,"Selka retrocede, la cabeza negando sola; veinte años de certezas cayéndose",,4,28:57
ACTO 3,SEC 26 — 'Fui yo',95,Primer plano,Fijo,"Sin darse cuenta, empieza a tararear la nana; por fin la reconoce",,5,29:02
ACTO 3,SEC 26 — 'Fui yo',96,Primerísimo primer plano,Dolly in,"Selka se quiebra entera y cae de rodillas, la nana rota saliéndole sola",…esa canción. Era de ella.,6,29:08
ACTO 3,SEC 26 — 'Fui yo',97,Primer plano,Fijo,Un grito que sale de lo más hondo,…ERA MI MADRE.,4,29:12
ACTO 3,SEC 26 — 'Fui yo',98,Plano medio,Fijo,"Selka mira a Stella, muerta-en-coma en el piso, deshecha",ERA NUESTRA MADRE.,6,29:18
ACTO 3,SEC 27 — El Parásito,99,Plano general,Tilt,La cosa abandona todos los disfraces y colapsa hacia su forma real,,3,29:21
ACTO 3,SEC 27 — El Parásito,100,Gran plano general,Grúa,"El PARÁSITO: criatura colosal de luz robada de mil mundos, llena la sala entera",,5,29:26
ACTO 3,SEC 27 — El Parásito,101,Contrapicado,Tilt,"El monstruo se alza sobre Selka, minúscula bajo él",,3,29:29
ACTO 3,SEC 27 — El Parásito,102,Plano medio,Fijo,Selka —recién humana otra vez— se levanta y toma su hoja de luz,,3,29:32
ACTO 3,SEC 27 — El Parásito,103,Plano entero,Cámara en mano,Se lanza contra el monstruo para cubrir el rescate de Stella,,2,29:34
ACTO 3,SEC 27 — El Parásito,104,Inserto,Whip-pan,"Un tentáculo de luz barre; casi sin notarla, secciona el brazo de Selka (violencia por luz)",,2,29:36
ACTO 3,SEC 27 — El Parásito,105,Plano entero,Fijo,"Selka cae, manca pero viva, sobre la cubierta",,2,29:38
ACTO 3,SEC 27 — El Parásito,106,Inserto,Cámara en mano,Una explosión revienta el mamparo lateral,,2,29:40
ACTO 3,SEC 27 — El Parásito,107,Plano entero,Dolly in,"Entra Theron por el humo, la vista clavada en el monstruo",,3,29:43
ACTO 3,SEC 27 — El Parásito,108,Primerísimo primer plano,Dolly in,Los ojos de Theron: por primera vez en veinte mil años lo ve con sus propios ojos,Ahí estás.,5,29:48
ACTO 3,SEC 27 — El Parásito,109,Plano general,Cámara en mano,"Theron le hace frente al Parásito, distrayéndolo; luz contra luz",,3,29:51
ACTO 3,SEC 27 — El Parásito,110,Plano entero,Steadicam,Brog y Nima entran por la brecha; Brog levanta a Stella en coma como a una pluma,,3,29:54
ACTO 3,SEC 27 — El Parásito,111,Plano medio,Cámara en mano,Nima carga a Selka manca con dos de sus brazos,,2,29:56
ACTO 3,SEC 27 — El Parásito,112,Plano americano,Fijo,"Vosk los cubre desde la puerta —llegó, después de todo",,2,29:58
ACTO 3,SEC 27 — El Parásito,113,Plano medio,Cámara en mano,Nima grita a Theron mientras arrastra la carga hacia la brecha,¡Las tengo! ¡VÁMONOS!,3,30:01
ACTO 3,SEC 27 — El Parásito,114,Plano entero,Dolly out,"Theron retrocede de espaldas, sin quitarle los ojos al Parásito, hasta la brecha",,4,30:05
ACTO 3,SEC 28 — El portal,115,Gran plano general,Grúa,"La nave-palacio termina de arrancarse de la ciudad, escupiendo escombros, y se eleva",,6,30:11
ACTO 3,SEC 28 — El portal,116,Plano detalle,Fijo,"En el núcleo de la nave, el Orbe latiendo, robado",,2,30:13
ACTO 3,SEC 28 — El portal,117,Gran plano general,Tilt,La nave abre un portal en el cielo: un tajo de luz hacia otro mundo que vaciará,,5,30:18
ACTO 3,SEC 28 — El portal,118,Plano general,Fijo,El Parásito no persigue a nadie; tiene lo que vino a buscar. Su nave entra al portal y desaparece,,4,30:22
ACTO 3,SEC 28 — El portal,119,Gran plano general,Fijo,El cielo se cierra. Silencio sobre Erdia rota,,5,30:27
ACTO 3,SEC 28 — El portal,120,Plano general,Travelling,"La nave de Theron se aleja en dirección contraria, pequeña contra el planeta",,5,30:32
ACTO 3,SEC 28 — El portal,121,Primer plano,Dolly in,"En el puente, Theron mira el punto donde estuvo el portal; por primera vez, no está perdido",Veinte mil años buscándolo. Por fin sé adónde va a llevarlo.,8,30:40
ACTO 3,SEC 29 — Enfermería,122,Plano general,Fijo,Enfermería en quietud; el zumbido bajo de la nave,,6,30:46
ACTO 3,SEC 29 — Enfermería,123,Plano medio,Dolly in,"Stella flota en un tanque de soporte vital, dormida, intacta, ausente. En coma",,6,30:52
ACTO 3,SEC 29 — Enfermería,124,Plano medio,Fijo,"Junto al tanque, Naio le sostiene la mirada a su hija sin poder tocarla",,5,30:57
ACTO 3,SEC 29 — Enfermería,125,Plano detalle,Dolly in,"Sobre el pecho de Stella, dentro del agua, late un resplandor tenue: Gix como brasa a punto de apagarse",,5,31:02
ACTO 3,SEC 29 — Enfermería,126,Primer plano,Fijo,Theron mira la brasa,Eso es lo único que la sostiene. Y se está apagando.,7,31:09
ACTO 3,SEC 29 — Enfermería,127,Plano entero,Fijo,"Selka entra; el brazo le falta, vendado; la cara de quien perdió todo en una noche",,5,31:14
ACTO 3,SEC 29 — Enfermería,128,Plano medio,Fijo,"Se acerca a Naio, su padre, y le toma la mano con la única que le queda",Perdóname. No sabía. Nada. Me lo robaron todo y ni cuenta me di.,8,31:22
ACTO 3,SEC 29 — Enfermería,129,Primer plano,Dolly in,"Selka, tragando el llanto, jura",Voy a volver. Voy a salvar lo que quede de Erdia. Te lo juro por ella.,7,31:29
ACTO 3,SEC 29 — Enfermería,130,Plano detalle,Fijo,"Naio, sin palabras, le aprieta la mano; la perdona con eso",,4,31:33
ACTO 3,SEC 29 — Enfermería,131,Plano medio,Steadicam,Selka se vuelve hacia el tanque y apoya la palma —la única— en el cristal frío,,4,31:37
ACTO 3,SEC 29 — Enfermería,132,Plano detalle,Fijo,"La palma de Selka contra el cristal, justo sobre la cara de su hermana dormida",,3,31:40
ACTO 3,SEC 29 — Enfermería,133,Primerísimo primer plano,Dolly in,"Selka, la frente contra el cristal, le habla a Stella",No sabía que eras tú. Despierta. Y déjame decírtelo a la cara.,8,31:48
ACTO 3,SEC 29 — Enfermería,134,Primerísimo primer plano,Fijo,"Desde el fondo del coma, con la voz de su madre dentro, Stella susurra",…un río que vuelve.,6,31:54
ACTO 3,SEC 29 — Enfermería,135,Plano detalle,Dolly in,"Dentro del tanque, la brasa de Gix late una vez más. Débil, pequeña. Pero late",,6,32:00
ACTO 3,SEC 29 — Enfermería,136,Plano general,Dolly out,Corte a negro sobre la enfermería. Rótulo: EL NODO DE ERDIA,,5,32:05
